{
    "train_loss": [
        0.06409636132194102,
        0.020490164877723406,
        0.012130507699245901,
        0.011247881138535054,
        0.0070875279916593915,
        0.007279575553618456,
        0.004911850671882199,
        0.004234830788236871,
        0.0035029464432096862,
        0.004322989285867145,
        0.0024028250732552893
    ],
    "val_loss": [
        0.02529474857231738,
        0.02894415330180588,
        0.010989396026798205,
        0.005273163236806037,
        0.005852001924946755,
        0.005223427944995743,
        0.003989358043134435,
        0.003282608132182367,
        0.0020964956378278997,
        0.0025060103616624473,
        0.001845318969295103
    ]
}